article_time,usid,category,title,link,reddit_match_count,avg_group_matches,avg_checked_word_count,unique_sources,hour_of_day,day_of_week,title_len,title_word_count,reaction_score,reaction_high
2026-01-06 10:26:15+00:00,news:3416326,urn:oewa:RedCont:Politik/PolitikAusland,Brandenburg: SPD kündigt Koalition mit BSW auf,https://orf.at/stories/3416326/,0.0,0.0,0.0,0.0,10,1,46,7,0.0,1
2026-01-06 10:51:02+00:00,news:3416330,urn:oewa:RedCont:Politik/PolitikAusland,China verbietet Export von Dual-Use-Gütern nach Japan,https://orf.at/stories/3416330/,0.0,0.0,0.0,0.0,10,1,53,7,0.0,1
2026-01-06 11:11:43+00:00,news:3416332,urn:oewa:RedCont:Politik/PolitikAusland,UNO: USA verletzten mit Schlag in Venezuela Völkerrecht,https://orf.at/stories/3416332/,0.0,0.0,0.0,0.0,11,1,55,8,0.0,1
2026-01-06 11:14:01+00:00,news:3416334,urn:oewa:RedCont:Politik/PolitikAusland,Noch über zwei Mio. Epstein-Akten nicht veröffentlicht,https://orf.at/stories/3416334/,0.0,0.0,0.0,0.0,11,1,54,7,0.0,1
2026-01-06 12:25:10+00:00,news:3416345,urn:oewa:RedCont:Politik/PolitikAusland,Spontane Proteste in Teheraner Basar,https://orf.at/stories/3416345/,0.0,0.0,0.0,0.0,12,1,36,5,0.0,1
2026-01-06 12:40:58+00:00,news:3416339,urn:oewa:RedCont:Politik/PolitikAusland,UNO sieht Verstoß gegen Völkerrecht,https://orf.at/stories/3416339/,0.0,0.0,0.0,0.0,12,1,35,5,0.0,1
2026-01-06 14:03:58+00:00,news:3416353,urn:oewa:RedCont:Politik/PolitikAusland,Entwurf: USA sollen Waffenstillstand überwachen,https://orf.at/stories/3416353/,0.0,0.0,0.0,0.0,14,1,47,5,0.0,1
2026-01-06 14:24:48+00:00,news:3416359,urn:oewa:RedCont:Politik/PolitikAusland,Militäreinsatz auf Unigelände im Westjordanland,https://orf.at/stories/3416359/,0.0,0.0,0.0,0.0,14,1,47,5,0.0,1
2026-01-06 14:25:35+00:00,nan,urn:oewa:RedCont:Politik/PolitikAusland,Europäer warnen USA vor Annexion,https://orf.at/stories/3416350/,1335.0,3.1404779145546704,56.26068066618392,7.0,14,1,32,5,1336.5702389572773,1
2026-01-06 14:25:35+00:00,news:3416350,urn:oewa:RedCont:Politik/PolitikAusland,Europäer warnen USA vor Annexion,https://orf.at/stories/3416350/,0.0,0.0,0.0,0.0,14,1,32,5,0.0,1
2026-01-06 15:17:01+00:00,news:3416360,urn:oewa:RedCont:Politik/PolitikAusland,Russische Behörden: Tote nach ukrainischen Angriffen,https://orf.at/stories/3416360/,0.0,0.0,0.0,0.0,15,1,52,6,0.0,1
2026-01-06 15:24:22+00:00,news:3416361,urn:oewa:RedCont:Politik/PolitikAusland,Hunderte Touristen auf jemenitischer Insel gestrandet,https://orf.at/stories/3416361/,0.0,0.0,0.0,0.0,15,1,53,6,0.0,1
2026-01-06 15:38:44+00:00,news:3416362,urn:oewa:RedCont:Politik/PolitikAusland,Kolumbien will sich gegen etwaige US-Invasion wehren,https://orf.at/stories/3416362/,0.0,0.0,0.0,0.0,15,1,52,7,0.0,1
2026-01-06 15:39:03+00:00,news:3416363,urn:oewa:RedCont:Politik/PolitikAusland,Kolumbien: Militär muss sich US-Invasion entgegenstellen,https://orf.at/stories/3416363/,0.0,0.0,0.0,0.0,15,1,56,6,0.0,1
2026-01-06 16:56:31+00:00,news:3416368,urn:oewa:RedCont:Politik/PolitikAusland,Terrorermittlungen nach Angriff auf Berliner Stromnetz,https://orf.at/stories/3416368/,46.0,3.0434782608695654,37.71739130434783,6.0,16,1,54,6,47.52173913043478,1
2026-01-06 18:21:58+00:00,news:3416373,urn:oewa:RedCont:Politik/PolitikAusland,Insider: Italien wird für Mercosur-Abkommen stimmen,https://orf.at/stories/3416373/,25.0,3.04,76.12,5.0,18,1,51,6,26.52,1
